-- Fudgee seed data (generated offline, no DB connection used)
-- Run this in the Neon SQL Editor AFTER applying the migration SQL.

INSERT INTO "Organization" (id, name, "createdAt", "updatedAt")
VALUES ('org_fudgee', 'Fudgee', now(), now())
ON CONFLICT (id) DO NOTHING;

INSERT INTO "Role" (id, key, name, "createdAt", "updatedAt") VALUES ('role_super_admin', 'super_admin', 'Super Admin', now(), now()) ON CONFLICT (key) DO NOTHING;
INSERT INTO "Role" (id, key, name, "createdAt", "updatedAt") VALUES ('role_admin', 'admin', 'Admin', now(), now()) ON CONFLICT (key) DO NOTHING;
INSERT INTO "Role" (id, key, name, "createdAt", "updatedAt") VALUES ('role_production', 'production', 'Production', now(), now()) ON CONFLICT (key) DO NOTHING;
INSERT INTO "Role" (id, key, name, "createdAt", "updatedAt") VALUES ('role_warehouse', 'warehouse', 'Warehouse', now(), now()) ON CONFLICT (key) DO NOTHING;
INSERT INTO "Role" (id, key, name, "createdAt", "updatedAt") VALUES ('role_sales', 'sales', 'Sales', now(), now()) ON CONFLICT (key) DO NOTHING;
INSERT INTO "Role" (id, key, name, "createdAt", "updatedAt") VALUES ('role_finance', 'finance', 'Finance', now(), now()) ON CONFLICT (key) DO NOTHING;
INSERT INTO "Role" (id, key, name, "createdAt", "updatedAt") VALUES ('role_management', 'management', 'Management', now(), now()) ON CONFLICT (key) DO NOTHING;

INSERT INTO "Permission" (id, key, module, action) VALUES ('perm_dashboard_view', 'dashboard:view', 'dashboard', 'view') ON CONFLICT (key) DO NOTHING;
INSERT INTO "Permission" (id, key, module, action) VALUES ('perm_products_read', 'products:read', 'products', 'read') ON CONFLICT (key) DO NOTHING;
INSERT INTO "Permission" (id, key, module, action) VALUES ('perm_products_write', 'products:write', 'products', 'write') ON CONFLICT (key) DO NOTHING;
INSERT INTO "Permission" (id, key, module, action) VALUES ('perm_customers_read', 'customers:read', 'customers', 'read') ON CONFLICT (key) DO NOTHING;
INSERT INTO "Permission" (id, key, module, action) VALUES ('perm_customers_write', 'customers:write', 'customers', 'write') ON CONFLICT (key) DO NOTHING;
INSERT INTO "Permission" (id, key, module, action) VALUES ('perm_sales_orders_read', 'sales_orders:read', 'sales_orders', 'read') ON CONFLICT (key) DO NOTHING;
INSERT INTO "Permission" (id, key, module, action) VALUES ('perm_sales_orders_write', 'sales_orders:write', 'sales_orders', 'write') ON CONFLICT (key) DO NOTHING;
INSERT INTO "Permission" (id, key, module, action) VALUES ('perm_purchase_orders_read', 'purchase_orders:read', 'purchase_orders', 'read') ON CONFLICT (key) DO NOTHING;
INSERT INTO "Permission" (id, key, module, action) VALUES ('perm_purchase_orders_write', 'purchase_orders:write', 'purchase_orders', 'write') ON CONFLICT (key) DO NOTHING;
INSERT INTO "Permission" (id, key, module, action) VALUES ('perm_inventory_read', 'inventory:read', 'inventory', 'read') ON CONFLICT (key) DO NOTHING;
INSERT INTO "Permission" (id, key, module, action) VALUES ('perm_inventory_write', 'inventory:write', 'inventory', 'write') ON CONFLICT (key) DO NOTHING;
INSERT INTO "Permission" (id, key, module, action) VALUES ('perm_warehouse_read', 'warehouse:read', 'warehouse', 'read') ON CONFLICT (key) DO NOTHING;
INSERT INTO "Permission" (id, key, module, action) VALUES ('perm_warehouse_write', 'warehouse:write', 'warehouse', 'write') ON CONFLICT (key) DO NOTHING;
INSERT INTO "Permission" (id, key, module, action) VALUES ('perm_production_read', 'production:read', 'production', 'read') ON CONFLICT (key) DO NOTHING;
INSERT INTO "Permission" (id, key, module, action) VALUES ('perm_production_write', 'production:write', 'production', 'write') ON CONFLICT (key) DO NOTHING;
INSERT INTO "Permission" (id, key, module, action) VALUES ('perm_quality_read', 'quality:read', 'quality', 'read') ON CONFLICT (key) DO NOTHING;
INSERT INTO "Permission" (id, key, module, action) VALUES ('perm_quality_write', 'quality:write', 'quality', 'write') ON CONFLICT (key) DO NOTHING;
INSERT INTO "Permission" (id, key, module, action) VALUES ('perm_reports_read', 'reports:read', 'reports', 'read') ON CONFLICT (key) DO NOTHING;
INSERT INTO "Permission" (id, key, module, action) VALUES ('perm_users_manage', 'users:manage', 'users', 'manage') ON CONFLICT (key) DO NOTHING;
INSERT INTO "Permission" (id, key, module, action) VALUES ('perm_settings_manage', 'settings:manage', 'settings', 'manage') ON CONFLICT (key) DO NOTHING;

INSERT INTO "RolePermission" ("roleId", "permissionId") VALUES ('role_super_admin', 'perm_dashboard_view') ON CONFLICT DO NOTHING;
INSERT INTO "RolePermission" ("roleId", "permissionId") VALUES ('role_super_admin', 'perm_products_read') ON CONFLICT DO NOTHING;
INSERT INTO "RolePermission" ("roleId", "permissionId") VALUES ('role_super_admin', 'perm_products_write') ON CONFLICT DO NOTHING;
INSERT INTO "RolePermission" ("roleId", "permissionId") VALUES ('role_super_admin', 'perm_customers_read') ON CONFLICT DO NOTHING;
INSERT INTO "RolePermission" ("roleId", "permissionId") VALUES ('role_super_admin', 'perm_customers_write') ON CONFLICT DO NOTHING;
INSERT INTO "RolePermission" ("roleId", "permissionId") VALUES ('role_super_admin', 'perm_sales_orders_read') ON CONFLICT DO NOTHING;
INSERT INTO "RolePermission" ("roleId", "permissionId") VALUES ('role_super_admin', 'perm_sales_orders_write') ON CONFLICT DO NOTHING;
INSERT INTO "RolePermission" ("roleId", "permissionId") VALUES ('role_super_admin', 'perm_purchase_orders_read') ON CONFLICT DO NOTHING;
INSERT INTO "RolePermission" ("roleId", "permissionId") VALUES ('role_super_admin', 'perm_purchase_orders_write') ON CONFLICT DO NOTHING;
INSERT INTO "RolePermission" ("roleId", "permissionId") VALUES ('role_super_admin', 'perm_inventory_read') ON CONFLICT DO NOTHING;
INSERT INTO "RolePermission" ("roleId", "permissionId") VALUES ('role_super_admin', 'perm_inventory_write') ON CONFLICT DO NOTHING;
INSERT INTO "RolePermission" ("roleId", "permissionId") VALUES ('role_super_admin', 'perm_warehouse_read') ON CONFLICT DO NOTHING;
INSERT INTO "RolePermission" ("roleId", "permissionId") VALUES ('role_super_admin', 'perm_warehouse_write') ON CONFLICT DO NOTHING;
INSERT INTO "RolePermission" ("roleId", "permissionId") VALUES ('role_super_admin', 'perm_production_read') ON CONFLICT DO NOTHING;
INSERT INTO "RolePermission" ("roleId", "permissionId") VALUES ('role_super_admin', 'perm_production_write') ON CONFLICT DO NOTHING;
INSERT INTO "RolePermission" ("roleId", "permissionId") VALUES ('role_super_admin', 'perm_quality_read') ON CONFLICT DO NOTHING;
INSERT INTO "RolePermission" ("roleId", "permissionId") VALUES ('role_super_admin', 'perm_quality_write') ON CONFLICT DO NOTHING;
INSERT INTO "RolePermission" ("roleId", "permissionId") VALUES ('role_super_admin', 'perm_reports_read') ON CONFLICT DO NOTHING;
INSERT INTO "RolePermission" ("roleId", "permissionId") VALUES ('role_super_admin', 'perm_users_manage') ON CONFLICT DO NOTHING;
INSERT INTO "RolePermission" ("roleId", "permissionId") VALUES ('role_super_admin', 'perm_settings_manage') ON CONFLICT DO NOTHING;
INSERT INTO "RolePermission" ("roleId", "permissionId") VALUES ('role_admin', 'perm_dashboard_view') ON CONFLICT DO NOTHING;
INSERT INTO "RolePermission" ("roleId", "permissionId") VALUES ('role_admin', 'perm_products_read') ON CONFLICT DO NOTHING;
INSERT INTO "RolePermission" ("roleId", "permissionId") VALUES ('role_admin', 'perm_products_write') ON CONFLICT DO NOTHING;
INSERT INTO "RolePermission" ("roleId", "permissionId") VALUES ('role_admin', 'perm_customers_read') ON CONFLICT DO NOTHING;
INSERT INTO "RolePermission" ("roleId", "permissionId") VALUES ('role_admin', 'perm_customers_write') ON CONFLICT DO NOTHING;
INSERT INTO "RolePermission" ("roleId", "permissionId") VALUES ('role_admin', 'perm_sales_orders_read') ON CONFLICT DO NOTHING;
INSERT INTO "RolePermission" ("roleId", "permissionId") VALUES ('role_admin', 'perm_sales_orders_write') ON CONFLICT DO NOTHING;
INSERT INTO "RolePermission" ("roleId", "permissionId") VALUES ('role_admin', 'perm_purchase_orders_read') ON CONFLICT DO NOTHING;
INSERT INTO "RolePermission" ("roleId", "permissionId") VALUES ('role_admin', 'perm_purchase_orders_write') ON CONFLICT DO NOTHING;
INSERT INTO "RolePermission" ("roleId", "permissionId") VALUES ('role_admin', 'perm_inventory_read') ON CONFLICT DO NOTHING;
INSERT INTO "RolePermission" ("roleId", "permissionId") VALUES ('role_admin', 'perm_inventory_write') ON CONFLICT DO NOTHING;
INSERT INTO "RolePermission" ("roleId", "permissionId") VALUES ('role_admin', 'perm_warehouse_read') ON CONFLICT DO NOTHING;
INSERT INTO "RolePermission" ("roleId", "permissionId") VALUES ('role_admin', 'perm_warehouse_write') ON CONFLICT DO NOTHING;
INSERT INTO "RolePermission" ("roleId", "permissionId") VALUES ('role_admin', 'perm_production_read') ON CONFLICT DO NOTHING;
INSERT INTO "RolePermission" ("roleId", "permissionId") VALUES ('role_admin', 'perm_production_write') ON CONFLICT DO NOTHING;
INSERT INTO "RolePermission" ("roleId", "permissionId") VALUES ('role_admin', 'perm_quality_read') ON CONFLICT DO NOTHING;
INSERT INTO "RolePermission" ("roleId", "permissionId") VALUES ('role_admin', 'perm_quality_write') ON CONFLICT DO NOTHING;
INSERT INTO "RolePermission" ("roleId", "permissionId") VALUES ('role_admin', 'perm_reports_read') ON CONFLICT DO NOTHING;
INSERT INTO "RolePermission" ("roleId", "permissionId") VALUES ('role_admin', 'perm_users_manage') ON CONFLICT DO NOTHING;
INSERT INTO "RolePermission" ("roleId", "permissionId") VALUES ('role_production', 'perm_dashboard_view') ON CONFLICT DO NOTHING;
INSERT INTO "RolePermission" ("roleId", "permissionId") VALUES ('role_production', 'perm_production_read') ON CONFLICT DO NOTHING;
INSERT INTO "RolePermission" ("roleId", "permissionId") VALUES ('role_production', 'perm_production_write') ON CONFLICT DO NOTHING;
INSERT INTO "RolePermission" ("roleId", "permissionId") VALUES ('role_production', 'perm_quality_read') ON CONFLICT DO NOTHING;
INSERT INTO "RolePermission" ("roleId", "permissionId") VALUES ('role_production', 'perm_quality_write') ON CONFLICT DO NOTHING;
INSERT INTO "RolePermission" ("roleId", "permissionId") VALUES ('role_production', 'perm_inventory_read') ON CONFLICT DO NOTHING;
INSERT INTO "RolePermission" ("roleId", "permissionId") VALUES ('role_warehouse', 'perm_dashboard_view') ON CONFLICT DO NOTHING;
INSERT INTO "RolePermission" ("roleId", "permissionId") VALUES ('role_warehouse', 'perm_warehouse_read') ON CONFLICT DO NOTHING;
INSERT INTO "RolePermission" ("roleId", "permissionId") VALUES ('role_warehouse', 'perm_warehouse_write') ON CONFLICT DO NOTHING;
INSERT INTO "RolePermission" ("roleId", "permissionId") VALUES ('role_warehouse', 'perm_inventory_read') ON CONFLICT DO NOTHING;
INSERT INTO "RolePermission" ("roleId", "permissionId") VALUES ('role_warehouse', 'perm_inventory_write') ON CONFLICT DO NOTHING;
INSERT INTO "RolePermission" ("roleId", "permissionId") VALUES ('role_warehouse', 'perm_purchase_orders_read') ON CONFLICT DO NOTHING;
INSERT INTO "RolePermission" ("roleId", "permissionId") VALUES ('role_sales', 'perm_dashboard_view') ON CONFLICT DO NOTHING;
INSERT INTO "RolePermission" ("roleId", "permissionId") VALUES ('role_sales', 'perm_customers_read') ON CONFLICT DO NOTHING;
INSERT INTO "RolePermission" ("roleId", "permissionId") VALUES ('role_sales', 'perm_customers_write') ON CONFLICT DO NOTHING;
INSERT INTO "RolePermission" ("roleId", "permissionId") VALUES ('role_sales', 'perm_sales_orders_read') ON CONFLICT DO NOTHING;
INSERT INTO "RolePermission" ("roleId", "permissionId") VALUES ('role_sales', 'perm_sales_orders_write') ON CONFLICT DO NOTHING;
INSERT INTO "RolePermission" ("roleId", "permissionId") VALUES ('role_sales', 'perm_products_read') ON CONFLICT DO NOTHING;
INSERT INTO "RolePermission" ("roleId", "permissionId") VALUES ('role_finance', 'perm_dashboard_view') ON CONFLICT DO NOTHING;
INSERT INTO "RolePermission" ("roleId", "permissionId") VALUES ('role_finance', 'perm_sales_orders_read') ON CONFLICT DO NOTHING;
INSERT INTO "RolePermission" ("roleId", "permissionId") VALUES ('role_finance', 'perm_purchase_orders_read') ON CONFLICT DO NOTHING;
INSERT INTO "RolePermission" ("roleId", "permissionId") VALUES ('role_finance', 'perm_reports_read') ON CONFLICT DO NOTHING;
INSERT INTO "RolePermission" ("roleId", "permissionId") VALUES ('role_management', 'perm_dashboard_view') ON CONFLICT DO NOTHING;
INSERT INTO "RolePermission" ("roleId", "permissionId") VALUES ('role_management', 'perm_reports_read') ON CONFLICT DO NOTHING;
INSERT INTO "RolePermission" ("roleId", "permissionId") VALUES ('role_management', 'perm_products_read') ON CONFLICT DO NOTHING;
INSERT INTO "RolePermission" ("roleId", "permissionId") VALUES ('role_management', 'perm_customers_read') ON CONFLICT DO NOTHING;
INSERT INTO "RolePermission" ("roleId", "permissionId") VALUES ('role_management', 'perm_sales_orders_read') ON CONFLICT DO NOTHING;
INSERT INTO "RolePermission" ("roleId", "permissionId") VALUES ('role_management', 'perm_purchase_orders_read') ON CONFLICT DO NOTHING;
INSERT INTO "RolePermission" ("roleId", "permissionId") VALUES ('role_management', 'perm_inventory_read') ON CONFLICT DO NOTHING;
INSERT INTO "RolePermission" ("roleId", "permissionId") VALUES ('role_management', 'perm_production_read') ON CONFLICT DO NOTHING;
INSERT INTO "RolePermission" ("roleId", "permissionId") VALUES ('role_management', 'perm_quality_read') ON CONFLICT DO NOTHING;

INSERT INTO "User" (id, name, email, "passwordHash", "isActive", "roleId", "createdAt", "updatedAt") VALUES ('user_super_admin', 'Super Admin', 'super_admin@fudgee.test', '$2b$10$No71Luo/qw09oewAQDPVkOc.B8KhdYYg5i0g4zFv9KPBr.86Sa6HW', true, 'role_super_admin', now(), now()) ON CONFLICT (email) DO NOTHING;
INSERT INTO "User" (id, name, email, "passwordHash", "isActive", "roleId", "createdAt", "updatedAt") VALUES ('user_admin', 'Admin', 'admin@fudgee.test', '$2b$10$No71Luo/qw09oewAQDPVkOc.B8KhdYYg5i0g4zFv9KPBr.86Sa6HW', true, 'role_admin', now(), now()) ON CONFLICT (email) DO NOTHING;
INSERT INTO "User" (id, name, email, "passwordHash", "isActive", "roleId", "createdAt", "updatedAt") VALUES ('user_production', 'Production', 'production@fudgee.test', '$2b$10$No71Luo/qw09oewAQDPVkOc.B8KhdYYg5i0g4zFv9KPBr.86Sa6HW', true, 'role_production', now(), now()) ON CONFLICT (email) DO NOTHING;
INSERT INTO "User" (id, name, email, "passwordHash", "isActive", "roleId", "createdAt", "updatedAt") VALUES ('user_warehouse', 'Warehouse', 'warehouse@fudgee.test', '$2b$10$No71Luo/qw09oewAQDPVkOc.B8KhdYYg5i0g4zFv9KPBr.86Sa6HW', true, 'role_warehouse', now(), now()) ON CONFLICT (email) DO NOTHING;
INSERT INTO "User" (id, name, email, "passwordHash", "isActive", "roleId", "createdAt", "updatedAt") VALUES ('user_sales', 'Sales', 'sales@fudgee.test', '$2b$10$No71Luo/qw09oewAQDPVkOc.B8KhdYYg5i0g4zFv9KPBr.86Sa6HW', true, 'role_sales', now(), now()) ON CONFLICT (email) DO NOTHING;
INSERT INTO "User" (id, name, email, "passwordHash", "isActive", "roleId", "createdAt", "updatedAt") VALUES ('user_finance', 'Finance', 'finance@fudgee.test', '$2b$10$No71Luo/qw09oewAQDPVkOc.B8KhdYYg5i0g4zFv9KPBr.86Sa6HW', true, 'role_finance', now(), now()) ON CONFLICT (email) DO NOTHING;
INSERT INTO "User" (id, name, email, "passwordHash", "isActive", "roleId", "createdAt", "updatedAt") VALUES ('user_management', 'Management', 'management@fudgee.test', '$2b$10$No71Luo/qw09oewAQDPVkOc.B8KhdYYg5i0g4zFv9KPBr.86Sa6HW', true, 'role_management', now(), now()) ON CONFLICT (email) DO NOTHING;
